Code,Keys
19E,X-OUT - TITLEIST  SURLYN
19PV,PRO  V1  LOGO  OVER-RUNS (BULK)
7501001,Pivot Tool
TA9AC01,Staff Towel
TA0F1S,PRACTICE BALLS (V1 & V1X) Loose
TA011S,PRACTICE BALLS (V1 & V1X) Loose
60272,Players-Flex 
7740002,SUREFIT WRENCH
TA1ACDCU-01,Double Canopy Umbrella
TA1ACSCU-01-C,Single Canopy Umbrella 
TA2ACPTWL,Players Towel
TG001S-W,X-OUT - TITLEIST  SURLYN
TG101S-HT,X-OUT - TITLEIST  SURLYN
TF002S-3EEE,NEW! PRO V1X OUTS
TA9AC05,Dri-Hood Towel
TH3WEACM-0,Cart Mitts
WWSNBAND,WEDGEWORKS VOKEY Snow Stamp
TA4ACTFTWL,Tri-Fold Towel
TH1WEAEB-0,Ear Band
TH4WDRYCAP-0,Sta Dry Cap (1/2 dz)
TH4WDRYCAP-0-EA,Sta Dry Cap (EA)
TA4WEAHW-0,Hand Warmer
TH4WDRYBKT-0-EA,Sta Dry Bucket (EA)
TH4WDRYBKT-0,Sta Dry Bucket (1/2 dz)
6623E-1S,Players
6625E-1S,Players
6627E-1S,Players
6628E-6LS,Players
TH5AUBM-1-EA,Classic Ball Marker (EA)
TH5QMAX-AT,Flag Q Max (Dozen) (FRA/BEL/SPA/POR/SWE)
TH5AUBM-1-ECBM,Classic Ball Marker (Dozen)
TA4ACPUB-01,Premier Umbrella 
T2024S-NP,Pro V1 
T2044S-NP,Pro V1 
TA5ACMFTWL,Microfibre Towel
TA5ACLHCD,Black Leather Headcover - Driver
TA5ACLHCF,Black Leather Headcover - Fairway
TA5ACLHCH,Black Leather Headcover - Hybrid
T2023S-NP,Pro V1 
T2043S-NP,Pro V1 
PE201S-BULK,PINNACLE  LOGO  OVER-RUNS (BULK)
T2024C-NP,Pro V1 
TH5AQMAX-1-E,Flag Q Max (1/2 dz) (ENG/SCO/EIR/NIR/WAL/SA/GER/NL/CH)
TH5AQMAX-1-EA,Flag Q Max (EA) (FRA/BEL/SPA/POR/SWE)
TA5TVTC,PROFESSIONAL Small Wheeled Travel Cover
TA5TVWRLR,"PROFESSIONAL 24"" Roller"
TA5TVWDFL,"PROFESSIONAL 24"" Wheeled Duffel"
TA5TVDFL,PROFESSIONAL Duffel Bag
TA5TVCABIN,PROFESSIONAL Cabin Bag
TA5TVMSG,PROFESSIONAL Messenger Bag 
TA5TVBC,PROFESSIONAL Briefcase
TA5TVBP,PROFESSIONAL Backpack
727LA34,Cameron - Futura / H - 2017
727RA33,Cameron - Futura / H - 2017
727RA34,Cameron - Futura / H - 2017
727RA35,Cameron - Futura / H - 2017
727RB33,Cameron - Futura / H - 2017
727RB34,Cameron - Futura / H - 2017
727RB35,Cameron - Futura / H - 2017
728LA38,Cameron  Dual Balance 
728RA37,Cameron  Dual Balance 
728RA38,Cameron  Dual Balance 
627RG3R21DE,Hybrids - 816H1
628RG2S19DE,Hybrids - 816H1
523LSR5PE,716 AP2 Forged 6
523LSS5PE,716 AP2 Forged 6
523RSR5PE,716 AP2 Forged 6
523RSS5PE,716 AP2 Forged 6
6652E-L,Perma-Soft
6652E-M,Perma-Soft
6652E-ML,Perma-Soft
6652E-S,Perma-Soft
6652E-XL,Perma-Soft
6654E-L,Perma-Soft
6654E-M,Perma-Soft
6654E-ML,Perma-Soft
6654E-S,Perma-Soft
6654E-XL,Perma-Soft
6670E-M,Perma-Soft
6670E-S,Perma-Soft
729L,Cameron Select / H - 2016
729LC34,Cameron Select / H - 2016
729R,Cameron Select / H - 2016
729RA33,Cameron Select / H - 2016
729RA34,Cameron Select / H - 2016
729RA35,Cameron Select / H - 2016
729RC33,Cameron Select / H - 2016
729RC34,Cameron Select / H - 2016
729RC35,Cameron Select / H - 2016
729RD33,Cameron Select / H - 2016
729RD34,Cameron Select / H - 2016
729RD35,Cameron Select / H - 2016
729RL33,Cameron Select / H - 2016
729RL34,Cameron Select / H - 2016
729RL35,Cameron Select / H - 2016
729RM33,Cameron Select / H - 2016
729RM34,Cameron Select / H - 2016
729RM35,Cameron Select / H - 2016
729RN33,Cameron Select / H - 2016
729RN34,Cameron Select / H - 2016
729RN35,Cameron Select / H - 2016
730L,Cameron  Dual Balance 
730R,Cameron  Dual Balance 
730RN38,Cameron  Dual Balance 
PC012C,Pinnacle Practice ( Doz )White +Logo
PC012S-HT,Pinnacle Practice ( Doz )White
PC112C,Pinnacle Practice ( Doz )Yellow + Logo
PC112S-HT,Pinnacle Practice ( Doz )Yellow
TB002S-HT,PRACTICE BALLS NXT
TB102S-HT,NXT Practice Yellow
7500087,Scotty Cameron Headcover
7500088,Scotty Cameron Headcover
523LSS6,716 AP2 Forged
523LSS7,716 AP2 Forged
523LSS8,716 AP2 Forged
523LSS9,716 AP2 Forged
523RSRP,716 AP2 Forged
523RSR4,716 AP2 Forged
523RSR4PE,716 AP2 Forged 7
523RSR5,716 AP2 Forged
523RSR6,716 AP2 Forged
523RSR7,716 AP2 Forged
523RSR9,716 AP2 Forged
523RSSP,716 AP2 Forged
523RSS4,716 AP2 Forged
523RSS4PDE,716 AP2 Forged 7
523RSS4PE,716 AP2 Forged 7
523RSS5,716 AP2 Forged
523RSS6,716 AP2 Forged
523RSS7,716 AP2 Forged
523RSS8,716 AP2 Forged
523RSS9,716 AP2 Forged
524RSR8,716 CB
524RG,716 CB Graphite
524RSRP,716 CB
524RSR4,716 CB
524RSR4PE,716 CB 7
524RSR5,716 CB
524RSR6,716 CB
524RSR7,716 CB
524RSR9,716 CB
524RSSP,716 CB
524RSS3,716 CB
524RSS3PE,716 CB 8
524RSS4,716 CB
524RSS4PE,716 CB 7
524RSS5,716 CB
524RSS6,716 CB
524RSS7,716 CB
627RG3L23E,Hybrids - 816H1
627RG3L27E,Hybrids - 816H1
627RG3R21DE,Hybrids - 816H1
627RG3R21E,Hybrids - 816H1
627RG3R23DE,Hybrids - 816H1
627RG3R23E,Hybrids - 816H1
627RG3R25E,Hybrids - 816H1
627RG3S21E,Hybrids - 816H1
627RG5S19E,Hybrids - 816H1
627RG5S21E,Hybrids - 816H1
627RG6R21E,Hybrids - 816H1
627RG6R23E,Hybrids - 816H1
627RG6S19DE,Hybrids - 816H1
627RG6S19E,Hybrids - 816H1
627RG6S21E,Hybrids - 816H1
628RG2R23E,Hybrids - 816H2
628RG2S19DE,Hybrids - 816H1
628RG2S21DE,Hybrids - 816H2
628RG2S21E,Hybrids - 816H2
628RG5S19DE,Hybrids - 816H2
628RG5S19E,Hybrids - 816H2
628RG5S21E,Hybrids - 816H2
628RG6S19E,Hybrids - 816H2
628RG6S21E,Hybrids - 816H2
524RSS8,716 CB
524RSS9,716 CB
525RSR8,716 MB
525RG,716 MB Graphite
525RSRP,716 MB
525RSR4,716 MB
525RSR4PE,716 MB 7
525RSR5,716 MB
525RSR6,716 MB
525RSR7,716 MB
525RSR9,716 MB
525RSSP,716 MB
525RSS3,716 MB
525RSS3PE,716 MB 8
525RSS4,716 MB
525RSS4PE,716 MB 7
525RSS5,716 MB
525RSS6,716 MB
525RSS7,716 MB
525RSS8,716 MB
525RSS9,716 MB
526LSR3E,716 T-MB
526LSS3E,716 T-MB
526RSR3E,716 T-MB
526RSR4DE,716 T-MB
526RSR4E,716 T-MB
526RSS2DE,716 T-MB
526RSS2E,716 T-MB
526RSS3DE,716 T-MB
526RSS3E,716 T-MB
526RSS4E,716 T-MB
627R,Hybrids - 816H1
627RG,Hybrids - 816H1
627LG2R21E,Hybrids - 816H1
627LG2S19E,Hybrids - 816H1
627RG2R19E,Hybrids - 816H1
627RG2R21DE,Hybrids - 816H1
627RG2R21E,Hybrids - 816H1
627RG2R23E,Hybrids - 816H1
627RG2R25E,Hybrids - 816H1
627RG2S19E,Hybrids - 816H1
627RG2S21E,Hybrids - 816H1
627RG2S23E,Hybrids - 816H1
627RG3A23E,Hybrids - 816H1
627RG3A27E,Hybrids - 816H1
TB002C,PRACTICE BALLS NXT - LOGO
TH6WEASBLE-9,NEW! Winter Fitted Beanie (Striped) Ladies and Mens (1/2 dz)
TH6WEASBWLEA-9,NEW! Winter Fitted Beanie (Striped) Ladies and Mens (EA)
TH6WEAWHPLE-06,NEW! Winter POM POM (1/2 dz)
TH6WEAWHPLEA-06,NEW! Winter POM POM (EA)
TH6WEAJBE-0,NEW! Winter Jacquard Beanie (1/2 dz)
TH6WEAJBEA-0,NEW! Winter Jacquard Beanie (EA)
TA6WEAPSE-0,NEW! Performance Snood (1/2 dz)
TA6WEAPSEA-0,NEW! Performance Snood (EA)
TA024C,PRACTICE BALLS Pro V1 Practice Custom Dz 100PK
526R,716 T-MB
526RG,716 T-MB Graphite
881R,WEDGEWORKS VOKEY SM5 Raw Wedge
TH6AUBME-9,Classic Ball Marker (Dozen)
TH6AUBMEA-9,Classic Ball Marker (EA)
TH6WEASBE-9,NEW! Winter Fitted Beanie (Striped) Ladies and Mens (1/2 dz)
TH6WEASBEA-9,NEW! Winter Fitted Beanie (Striped) Ladies and Mens (EA)
TH6WEASBWE-9,NEW! Winter Fitted Beanie (Striped) Ladies and Mens (1/2 dz)
TH6WEASBWEA-9,NEW! Winter Fitted Beanie (Striped) Ladies and Mens (EA)
TA6ESTC-0,ESSENTIAL Travel Cover
TA6ESWDFL-0,"ESSENTIAL 22"" Wheeled Duffel Bag"
TA6ESDFL-0,ESSENTIAL Duffel Bag
TA6ESBP-0,NEW! Large Backpack
TA6ESLRB-0,Locker Room Bag 
TA6ESVP-0,ESSENTIAL Valubles Pouch
TA6ESSP-0,ESSENTIAL Sackpack
TB6CT7E-0,Sta-Dry Cart Bag
TB6CT7E-016,Sta-Dry Cart Bag
TB6CT7E-414,Sta-Dry Cart Bag
TB6CT7E-214,Sta-Dry Cart Bag
TB6CT6E-0,Deluxe Cart Bag
TB6CT6E-016,Deluxe Cart Bag
TB6CT6E-422,Deluxe Cart Bag
TB6CT6E-028,Deluxe Cart Bag
TB6CT5E-0,Lightweight Cart Bag
TB6CT5E-016,Lightweight Cart Bag
TB6CT5E-416,Lightweight Cart Bag
TB6CT5E-023,Lightweight Cart Bag
TB6CT5E-015,Lightweight Cart Bag
TB6SX2-06,Sta-Dry 4UP Stand Bag
TB6SX2-24,Sta-Dry 4UP Stand Bag
522RSR8,716 AP1
522RG,716 AP1
522LSRP,716 AP1
522LSR4,716 AP1
522LSR4PE,716 AP1 7
522LSR5,716 AP1
522LSR5PE,716 AP1 6
522LSR6,716 AP1
522LSR7,716 AP1
522LSR8,716 AP1
522LSR9,716 AP1
522RGAP,716 AP1 Graphite
522RGA5,716 AP1 Graphite
522RGA5PE,716 AP1 Graphite 6
522RGA6,716 AP1 Graphite
522RGA7,716 AP1 Graphite
522RGA8,716 AP1 Graphite
522RGA9,716 AP1 Graphite
522RGLP,716 AP1 Graphite
522RGL5,716 AP1 Graphite
522RGL5PE,716 AP1 Graphite 6
522RGL6,716 AP1 Graphite
522RGL7,716 AP1 Graphite
522RGL8,716 AP1 Graphite
522RGL9,716 AP1 Graphite
522RGRP,716 AP1 Graphite
522RGRW,716 AP1 Graphite
522RGR4,716 AP1 Graphite
522RGR4PE,716 AP1 Graphite 7
522RGR5,716 AP1 Graphite
522RGR5PE,716 AP1 Graphite 6
522RGR5WE,716 AP1 Graphite 7
522RGR6,716 AP1 Graphite
522RGR7,716 AP1 Graphite
522RGR8,716 AP1 Graphite
522RGR9,716 AP1 Graphite
522RSRP,716 AP1
522RSR4,716 AP1
522RSR4PDE,716 AP1 7
522RSR4PE,716 AP1 7
522RSR5,716 AP1
522RSR5PE,716 AP1 6
522RSR6,716 AP1
522RSR7,716 AP1
522RSR9,716 AP1
522RSSP,716 AP1
522RSS4,716 AP1
522RSS4PE,716 AP1 6
522RSS5,716 AP1
522RSS5PE,716 AP1 6
522RSS6,716 AP1
522RSS7,716 AP1
522RSS8,716 AP1
522RSS9,716 AP1
523RSR8,716 AP2 Forged
523RG,716 AP2 Forged Graphite
523LSRP,716 AP2 Forged
523LSR4,716 AP2 Forged
523LSR4PE,716 AP2 Forged 7
523LSR5,716 AP2 Forged
523LSR6,716 AP2 Forged
523LSR7,716 AP2 Forged
523LSR8,716 AP2 Forged
523LSR9,716 AP2 Forged
523LSSP,716 AP2 Forged
523LSS4,716 AP2 Forged
523LSS4PE,716 AP2 Forged 7
523LSS5,716 AP2 Forged
T2024S-L00,Pro V1 
T2024S-H99,Pro V1 
T2044S-L00,Pro V1 
T2044S-H99,Pro V1 
T4024S-NP,NXT Tour 'S' and yellow
T4024S-BIL,NXT Tour 'S' and yellow
T4024C-NP,NXT Tour 'S' and yellow
T4024C-BIL,NXT Tour 'S' and yellow
T4033S-NP,NXT Tour 'S' and yellow
T4033S-BIL,NXT Tour 'S' and yellow
T4033C-NP,NXT Tour 'S' and yellow
T4033C-BIL,NXT Tour 'S' and yellow
T4133S-NP,NXT Tour 'S' and yellow
T4133S-BIL,NXT Tour 'S' and yellow
T4133C-NP,NXT Tour 'S' and yellow
T4133C-BIL,NXT Tour 'S' and yellow
T6032S-NP,DT TruSoft
T6032S-BIL,DT TruSoft
T6032C-NP,DT TruSoft
T6032C-BIL,DT TruSoft
T6132S-NP,DT TruSoft
T6132S-BIL,DT TruSoft
T6132C-NP,DT TruSoft
T6132C-BIL,DT TruSoft
T8023S-NP,Velocity
T8023S-BIL,Velocity
T8023C-NP,Velocity
T8023C-BIL,Velocity
T8023S-MNP,Velocity
T8023S-MBIL,Velocity
T8023C-MNP,Velocity
T8023C-MBIL,Velocity
TH6ABME-9,Classic Ball Marker (Dozen)
TH6ABMEA-9,Classic Ball Marker (EA)
TH6AUBMFE-9,Classic Ball Marker (Dozen)
TH6AUBMFEA-9,Classic Ball Marker (EA)
TH6WEAPBE-06,Performance Beanie (1/2 dz)
TH6WEAPBEA-06,Performance Beanie (EA)
T2024S-LE68-BIL,Pro V1 
T2044S-LE68-BIL,Pro V1 
832LSSF4608E,Vokey SM6 - Tour Chrome
T2024S-2DCBNP,Pro V1 2DZ
T2044S-2DCBPN,Pro V1 2DZ
T2024S-2DCBBIL,Pro V1 2DZ
T2044S-2DCBBIL,Pro V1 2DZ
T2024S-4D-NP,Pro V1 4DZ
T2044S-4D-NP,Pro V1 4DZ
T2024S-4D-NPL,Pro V1 4DZ
T2044S-4D-NPL,Pro V1 4DZ
P4034S-BIL,NEW! Pinnacle Rush (dz)
P5011S-BIL,NEW! Pinnacle Soft (dz)
P8014S-BULK,Pinnacle Exception
722LE34,Cameron - Futura / H - 2017
882R,WEDGEWORKS VOKEY Low Bounce K Grind
712RH34C,S Cameron - My Girl / Holiday
832RG,Vokey SM6 - Custom Graphite
T2044S-2DCBNP,Pro V1 2DZ
883R,WEDGEWORKS VOKEY SM6 Raw Wedge
TA7ACTFTWL,NEW! Microfibre Tri-Fold Cart Towel
632RG2S95,Drivers  917 D3  
634RG2S15,Fairways  917 F3  
TH7AJRPE-9,NEW! Junior Performance Cap (1/2 dz)
TH7AJRPEA-9,NEW! Junior Performance Cap (EA)
TH7ATPE-9,NEW! Tour Performance (Dozen)
TH7ATPEA-9,NEW! Tour Performance (EA)
TH7ATTME-9,NEW! Two Tone Mesh (Dozen)
TH7ATTMEA-9,NEW! Two Tone Mesh (EA)
TH7AWPE-9,NEW! Ladies Pink Ribbon Cap (1/2 dz)
TH7AWPEA-9,NEW! Ladies Pink Ribbon Cap (EA)
TH7BSRE-9,NEW! Performance Seersucker Bucket (1/2 dz)
TH7BSREA-9,NEW! Performance Seersucker Bucket (EA)
TH7FDFE-9,NEW! Players Deep Fit (Dozen)
TH7FDFEA-9,NEW! Players Deep Fit (EA)
TH7FDTE-0,NEW! Dobby Tech Cap (Dozen)
TH7FDTE-1,NEW! Dobby Tech Cap (Dozen)
TH7FDTE-9,NEW! Dobby Tech Cap (Dozen)
TH7FDTEA-0,NEW! Dobby Tech Cap (EA)
TH7FDTEA-1,NEW! Dobby Tech Cap (EA)
TH7FDTEA-9,NEW! Dobby Tech Cap (EA)
TH7PBME-9,NEW! Performance Ball Marker (Dozen)
TH7PBMEA-9,NEW! Performance Ball Marker (EA)
TH7VTPE-9,NEW! Tour Performance Visor (Dozen)
TH7VTPEA-9,NEW! Tour Performance Visor (EA)
TH7VWPRE-9,NEW! Ladies Pink Ribbon Visor (1/2 dz)
TH7VWPREA-9,NEW! Ladies Pink Ribbon Visor (EA)
TH7VWSE-9,NEW! Ladies Sports Visor (1/2 dz)
TH7VWSEA-9,NEW! Ladies Sports Visor (EA)
TH7WAUSE-1,Aussie Assorted (1/2 dz) SOUTHERN & S AFRICA ONLY
TH7WAUSEA-1,Aussie Assorted (EA) SOUTHERN & S AFRICA ONLY
7PBME,NEW! Performance Ball Marker (Dozen)
TB6CT7-016,Sta-Dry Cart Bag
TB7SF4-061,NEW! Midsize Staff Cart Bag
TB7SF9-061,"NEW! Tour Vinyl  Staff Bag(9.5"")"
TB6CT5-02,Lightweight Cart Bag
TB6CT6-416,Deluxe Cart Bag
TB6SX2E-40,Sta-Dry 4UP Stand Bag
TB7CY0E-6,NEW! Sunday Carry DS Bag 
TB7CY1E-0,NEW! Premium Carry DS Bag
TB7SXSF-061,NEW! Tour Stand 
TB7SX1-016,NEW! Players 4 Stand Bag - Staff Colours
TB7SX14-016,NEW! Players 14 Stand Bag - Staff Colours
TB7SX6-016,NEW! Players 5 Stand Bag - Staff Colours
TB7SX7-016,NEW! Players 5 StaDry Waterproof Stand 
731LA34,Cameron - Futura / H - 2017
732LA37,Cameron  Dual Balance 
TA5ACLHCF-1,NEW! Leather White Headcover - Fairway
TA5ACLHCH-1,NEW! Leather White Headcover - Hybrid 
TA7ACDC-061,NEW! Den Caddy
TA7ACSB-061,NEW! Practice Ball Bag
TH2FFBE-01,Flat Bill - Black/White (1/2 dz) 
TH2FFBEA-01,Flat Bill - Black/White (EA) 
TA6ESLBP-0,NEW! Large Backpack
TH7BSREA-9,NEW! Performance Seersucker Bucket (EA)
TH7VTPEA-9,NEW! Tour Performance Visor (EA)
T2025S-NP,Pro V1 
TB6SX2-PLP,Sta-Dry 4UP Stand Bag
TA5ACLHCD-1,NEW! Leather White Headcover - Driver 
TH5VTR-01-E,Tour Visor - Black/White (Dozen)
TH5VTR-01-EA,Tour Visor - Black/White (EA)
917DWEIGHTKIT,917 Driver/Fairway WEIGHT KIT
917DWPAIR10G,917 Driver/Fairway Weights Pair
TH5QMAX-AT-EA,Flag Q Max (EA) (ENG/SCO/EIR/NIR/WAL/SA/GER/NL/CH)
