Code,Keys,Description
19E,X-OUT - TITLEIST  SURLYN,TITLEIST SURLYN XXX OUTS
19PV,PRO  V1  LOGO  OVER-RUNS (BULK),TITL PRO V OVERRUNS
7501001,Pivot Tool,S.C. STUDIO DESIGN PIVOT TOOL
TA9AC01,Staff Towel,TITLEIST STAFF TOWEL
TA0F1S,PRACTICE BALLS (V1 & V1X) Loose,PRO V1 PRACTICE PACKAGED
TA011S,PRACTICE BALLS (V1 & V1X) Loose,PRO V1X 332 PRACTICE
60272,Players-Flex ,PLAYERS-FLEX GLV MRH M
7740002,SUREFIT WRENCH,SUREFIT WRENCH
TA1ACDCU-01,Double Canopy Umbrella,DOUBLE CANOPY UMBRELLA
TA1ACSCU-01-C,Single Canopy Umbrella ,SINGLE CANOPY UMBRELLA CREST
TA2ACPTWL,Players Towel,PLAYERS TOWEL
TG001S-W,X-OUT - TITLEIST  SURLYN,TITLEIST SURLYN X-OUT
TG101S-HT,X-OUT - TITLEIST  SURLYN,SURLYN X-OUT YELLOW DOZ
TF002S-3EEE,NEW! PRO V1X OUTS,PRO V1 X-OUT PACKAGED
TA9AC05,Dri-Hood Towel,DRI HOOD
TH3WEACM-0,Cart Mitts,WINTER CART MITTS
WWSNBAND,WEDGEWORKS VOKEY Snow Stamp,WEDGEWORKS SNOW STAMP CHARGE
TA4ACTFTWL,Tri-Fold Towel,TITLEIST TRI-FOLD TOWEL
TH1WEAEB-0,Ear Band,EARBAND
TH4WDRYCAP-0,Sta Dry Cap (1/2 dz),TITL.STADRY CAP SIX
TH4WDRYCAP-0-EA,Sta Dry Cap (EA),TITL.STADRY CAP EA
TA4WEAHW-0,Hand Warmer,HAND WARMER
TH4WDRYBKT-0-EA,Sta Dry Bucket (EA),TITL.STADRY BUCKET HAT EA
TH4WDRYBKT-0,Sta Dry Bucket (1/2 dz),TITL.STADRY BUCKET HAT SIX
6623E-1S,Players,PLAYERS MLH
6625E-1S,Players,PLAYERS MLH CADET S
6627E-1S,Players,PLAYERS MRH S
6628E-6LS,Players,PLAYERS LLH LS
TH5AUBM-1-EA,Classic Ball Marker (EA),BALL MARKER CAP WHITE EACH
TH5QMAX-AT,Flag Q Max (Dozen) (FRA/BEL/SPA/POR/SWE),AUSTRIA FLAG CAP DOZ
TH5AUBM-1-ECBM,Classic Ball Marker (Dozen),BALL MARKER WHITE DOZ CTM BM
TA4ACPUB-01,Premier Umbrella ,TITLEIST PREMIER UMBRELLA
T2024S-NP,Pro V1 ,PRO V1 DOZEN
T2044S-NP,Pro V1 ,PRO V1X DOZEN
TA5ACMFTWL,Microfibre Towel,MICROFIBRE TOWEL
TA5ACLHCD,Black Leather Headcover - Driver,LEATHER HEAD COVER DRIVER
TA5ACLHCF,Black Leather Headcover - Fairway,LEATHER HEAD COVER FAIRWAY
TA5ACLHCH,Black Leather Headcover - Hybrid,LEATHER HEAD COVER HYBRID
T2023S-NP,Pro V1 ,TITLEIST PRO V1
T2043S-NP,Pro V1 ,TITLEIST PRO V1X
PE201S-BULK,PINNACLE  LOGO  OVER-RUNS (BULK),PINN LOGO OVERRUN BULK DOZ
T2024C-NP,Pro V1 ,PRO V1 DOZEN CUST
TH5AQMAX-1-E,Flag Q Max (1/2 dz) (ENG/SCO/EIR/NIR/WAL/SA/GER/NL/CH),Q-MAX WHITE DOZ
TH5AQMAX-1-EA,Flag Q Max (EA) (FRA/BEL/SPA/POR/SWE),Q-MAX WHITE EACH
TA5TVTC,PROFESSIONAL Small Wheeled Travel Cover,PROF. WHEELED TRAVEL COVER
TA5TVWRLR,"PROFESSIONAL 24"" Roller",WHEELED ROLLER
TA5TVWDFL,"PROFESSIONAL 24"" Wheeled Duffel",WHEELED DUFFEL
TA5TVDFL,PROFESSIONAL Duffel Bag,DUFFEL BAG
TA5TVCABIN,PROFESSIONAL Cabin Bag,CABIN BAG
TA5TVMSG,PROFESSIONAL Messenger Bag ,MESSENGER BAG
TA5TVBC,PROFESSIONAL Briefcase,BRIEFCASE
TA5TVBP,PROFESSIONAL Backpack,BACKPACK
727LA34,Cameron  Dual Balance ,2015 FUTURA X7M LH 34
727RA33,Cameron  Dual Balance ,2015 FUTURA X7M RH 33
727RA34,Cameron  Dual Balance ,2015 FUTURA X7M RH 34
727RA35,Cameron  Dual Balance ,2015 FUTURA X7M RH 35
727RB33,Cameron  Dual Balance ,2015 FUTURA X7 RH 33
727RB34,Cameron  Dual Balance ,2015 FUTURA X7 RH 34
727RB35,Cameron  Dual Balance ,2015 FUTURA X7 RH 35
728LA38,Cameron  Dual Balance ,2015 FUTURA X7M DUAL B LH 38
728RA37,Cameron  Dual Balance ,2015 FUTURA X7M DUAL B RH 37
728RA38,Cameron  Dual Balance ,2015 FUTURA X7M DUAL B RH 38
627RG3R21DE,Hybrids - 816H1,816H1 RH DIAM M+ RED 60 R 21 D
628RG2S19DE,Hybrids - 816H1,816H2 RH DIAM S+ BLU 70 S 19 D
523LSR5PE,716 AP2 Forged 6,AP2 716 LH ST-R 5-PW
523LSS5PE,716 AP2 Forged 6,AP2 716 LH ST-S 5-PW
523RSR5PE,716 AP2 Forged 6,AP2 716 RH ST-R 5-PW
523RSS5PE,716 AP2 Forged 6,AP2 716 RH ST-S 5-PW
6652E-L,Perma-Soft,PERMASOFT GLOVE MRH
6652E-M,Perma-Soft,PERMASOFT GLOVE MRH
6652E-ML,Perma-Soft,PERMASOFT GLOVE MRH
6652E-S,Perma-Soft,PERMASOFT GLOVE MRH
6652E-XL,Perma-Soft,PERMASOFT GLOVE MRH
6654E-L,Perma-Soft,PERMASOFT GLOVE MLH
6654E-M,Perma-Soft,PERMASOFT GLOVE MLH
6654E-ML,Perma-Soft,PERMASOFT GLOVE MLH
6654E-S,Perma-Soft,PERMASOFT GLOVE MLH
6654E-XL,Perma-Soft,PERMASOFT GLOVE MLH
6670E-M,Perma-Soft,PERMASOFT GLOVE LLH
6670E-S,Perma-Soft,PERMASOFT GLOVE LLH
729L,Cameron Select / H - 2016,2016 SELECT CUSTOM LH
729LC34,Cameron Select / H - 2016,2016 SELECT NEWPORT 2 LH 34
729R,Cameron Select / H - 2016,2016 SELECT CUSTOM RH
729RA33,Cameron Select / H - 2016,2016 SELECT NEWPORT RH 33
729RA34,Cameron Select / H - 2016,2016 SELECT NEWPORT RH 34
729RA35,Cameron Select / H - 2016,2016 SELECT NEWPORT RH 35
729RC33,Cameron Select / H - 2016,2016 SELECT NEWPORT 2 RH 33
729RC34,Cameron Select / H - 2016,2016 SELECT NEWPORT 2 RH 34
729RC35,Cameron Select / H - 2016,2016 SELECT NEWPORT 2 RH 35
729RD33,Cameron Select / H - 2016,2016 SELECT NEWPORT 2.5 RH 33
729RD34,Cameron Select / H - 2016,2016 SELECT NEWPORT 2.5 RH 34
729RD35,Cameron Select / H - 2016,2016 SELECT NEWPORT 2.5 RH 35
729RL33,Cameron Select / H - 2016,2016 SELECT NPT MALLET RH 33
729RL34,Cameron Select / H - 2016,2016 SELECT NPT MALLET RH 34
729RL35,Cameron Select / H - 2016,2016 SELECT NPT MALLET RH 35
729RM33,Cameron Select / H - 2016,2016 SELECT NPT 2 MALLET RH 33
729RM34,Cameron Select / H - 2016,2016 SELECT NPT 2 MALLET RH 34
729RM35,Cameron Select / H - 2016,2016 SELECT NPT 2 MALLET RH 35
729RN33,Cameron Select / H - 2016,2016 SELECT NPT 2 NTCHBK RH 33
729RN34,Cameron Select / H - 2016,2016 SELECT NPT 2 NTCHBK RH 34
729RN35,Cameron Select / H - 2016,2016 SELECT NPT 2 NTCHBK RH 35
730L,Cameron Select / H - 2016,2016 SELECT DB CUSTOM LH
730R,Cameron Select / H - 2016,2016 SELECT DB CUSTOM RH
730RN38,Cameron Select / H - 2016,2016 SELECT NP2 NTCH DB RH 38
PC012C,Pinnacle Practice ( Doz )White +Logo,PRACTICE (PINNACLE) WHITE LOGO
PC012S-HT,Pinnacle Practice ( Doz )White,PRACTICE (PINNACLE) WHITE
PC112C,Pinnacle Practice ( Doz )Yellow + Logo,PRACTICE (PINNACLE) YELLOW LOG
PC112S-HT,Pinnacle Practice ( Doz )Yellow,PRACTICE (PINNACLE) YELLOW
TB002S-HT,PRACTICE BALLS NXT,NXT TOUR S WHITE PRACTICE
TB102S-HT,NXT Practice Yellow,NXT TOUR S YELLOW PRACTICE
7500087,Scotty Cameron Headcover,HDCV PU 2015 FUTURA X57
7500088,Scotty Cameron Headcover,HDCV PU 2015 FUTURA X57 LH
523LSS6,716 AP2 Forged,AP2 716 LH ST-S #6
523LSS7,716 AP2 Forged,AP2 716 LH ST-S #7
523LSS8,716 AP2 Forged,AP2 716 LH ST-S #8
523LSS9,716 AP2 Forged,AP2 716 LH ST-S #9
523RSRP,716 AP2 Forged,AP2 716 RH ST-R PW
523RSR4,716 AP2 Forged,AP2 716 RH ST-R #4
523RSR4PE,716 AP2 Forged 7,AP2 716 RH ST-R 4-PW
523RSR5,716 AP2 Forged,AP2 716 RH ST-R #5
523RSR6,716 AP2 Forged,AP2 716 RH ST-R #6
523RSR7,716 AP2 Forged,AP2 716 RH ST-R #7
523RSR9,716 AP2 Forged,AP2 716 RH ST-R #9
523RSSP,716 AP2 Forged,AP2 716 RH ST-S PW
523RSS4,716 AP2 Forged,AP2 716 RH ST-S #4
523RSS4PDE,716 AP2 Forged 7,AP2 716 RH ST-S 4-PW DEMO
523RSS4PE,716 AP2 Forged 7,AP2 716 RH ST-S 4-PW
523RSS5,716 AP2 Forged,AP2 716 RH ST-S #5
523RSS6,716 AP2 Forged,AP2 716 RH ST-S #6
523RSS7,716 AP2 Forged,AP2 716 RH ST-S #7
523RSS8,716 AP2 Forged,AP2 716 RH ST-S #8
523RSS9,716 AP2 Forged,AP2 716 RH ST-S #9
524RSR8,716 CB,CB 716 RH ST-R #8
524RG,716 CB Graphite,CB 716 CUSTOM GRA RH EA
524RSRP,716 CB,CB 716 RH ST-R PW
524RSR4,716 CB,CB 716 RH ST-R #4
524RSR4PE,716 CB 7,CB 716 RH ST-R 4-PW
524RSR5,716 CB,CB 716 RH ST-R #5
524RSR6,716 CB,CB 716 RH ST-R #6
524RSR7,716 CB,CB 716 RH ST-R #7
524RSR9,716 CB,CB 716 RH ST-R #9
524RSSP,716 CB,CB 716 RH ST-S PW
524RSS3,716 CB,CB 716 RH ST-S #3
524RSS3PE,716 CB 8,CB 716 RH ST-S 3-PW
524RSS4,716 CB,CB 716 RH ST-S #4
524RSS4PE,716 CB 7,CB 716 RH ST-S 4-PW
524RSS5,716 CB,CB 716 RH ST-S #5
524RSS6,716 CB,CB 716 RH ST-S #6
524RSS7,716 CB,CB 716 RH ST-S #7
627RG3L23E,Hybrids - 816H1,816H1 RH DIAM M+ RED 50 L 23
627RG3L27E,Hybrids - 816H1,816H1 RH DIAM M+ RED 50 L 27
627RG3R21DE,Hybrids - 816H1,816H1 RH DIAM M+ RED 60 R 21 D
627RG3R21E,Hybrids - 816H1,816H1 RH DIAM M+ RED 60 R 21
627RG3R23DE,Hybrids - 816H1,816H1 RH DIAM M+ RED 60 R 23 D
627RG3R23E,Hybrids - 816H1,816H1 RH DIAM M+ RED 60 R 23
627RG3R25E,Hybrids - 816H1,816H1 RH DIAM M+ RED 60 R 25
627RG3S21E,Hybrids - 816H1,816H1 RH DIAM M+ RED 60 S 21
627RG5S19E,Hybrids - 816H1,816H1 RH ROGUE SLV 85 S 19
627RG5S21E,Hybrids - 816H1,816H1 RH ROGUE SLV 85 S 21
627RG6R21E,Hybrids - 816H1,816H1 RH ROGUE BLK 85 R 21
627RG6R23E,Hybrids - 816H1,816H1 RH ROGUE BLK 85 R 23
627RG6S19DE,Hybrids - 816H1,816H1 RH ROGUE BLK 85 S 19 DM
627RG6S19E,Hybrids - 816H1,816H1 RH ROGUE BLK 85 S 19
627RG6S21E,Hybrids - 816H1,816H1 RH ROGUE BLK 85 S 21
628RG2R23E,Hybrids - 816H2,816H2 RH DIAM S+ BLU 70 R 23
628RG2S19DE,Hybrids - 816H1,816H2 RH DIAM S+ BLU 70 S 19 D
628RG2S21DE,Hybrids - 816H2,816H2 RH DIAM S+ BLU 70 S 21 D
628RG2S21E,Hybrids - 816H2,816H2 RH DIAM S+ BLU 70 S 21
628RG5S19DE,Hybrids - 816H2,816H2 RH ROGUE SLV 85 S 19 DM
628RG5S19E,Hybrids - 816H2,816H2 RH ROGUE SLV 85 S 19
628RG5S21E,Hybrids - 816H2,816H2 RH ROGUE SLV 85 S 21
628RG6S19E,Hybrids - 816H2,816H2 RH ROGUE BLK 85 S 19
628RG6S21E,Hybrids - 816H2,816H2 RH ROGUE BLK 85 S 21
524RSS8,716 CB,CB 716 RH ST-S #8
524RSS9,716 CB,CB 716 RH ST-S #9
525RSR8,716 MB,MB 716 RH ST-R #8
525RG,716 MB Graphite,MB 716 CUSTOM GRA RH EA
525RSRP,716 MB,MB 716 RH ST-R PW
525RSR4,716 MB,MB 716 RH ST-R #4
525RSR4PE,716 MB 7,MB 716 RH ST-R 4-PW
525RSR5,716 MB,MB 716 RH ST-R #5
525RSR6,716 MB,MB 716 RH ST-R #6
525RSR7,716 MB,MB 716 RH ST-R #7
525RSR9,716 MB,MB 716 RH ST-R #9
525RSSP,716 MB,MB 716 RH ST-S PW
525RSS3,716 MB,MB 716 RH ST-S #3
525RSS3PE,716 MB 8,MB 716 RH ST-S 3-PW
525RSS4,716 MB,MB 716 RH ST-S #4
525RSS4PE,716 MB 7,MB 716 RH ST-S 4-PW
525RSS5,716 MB,MB 716 RH ST-S #5
525RSS6,716 MB,MB 716 RH ST-S #6
525RSS7,716 MB,MB 716 RH ST-S #7
525RSS8,716 MB,MB 716 RH ST-S #8
525RSS9,716 MB,MB 716 RH ST-S #9
526LSR3E,716 T-MB,716T-MB LH ST-R #3
526LSS3E,716 T-MB,716T-MB LH ST-S #3
526RSR3E,716 T-MB,716T-MB RH ST-R #3
526RSR4DE,716 T-MB,716T-MB RH ST-R #4 DEMO
526RSR4E,716 T-MB,716T-MB RH ST-R #4
526RSS2DE,716 T-MB,716T-MB RH ST-S #2 DEMO
526RSS2E,716 T-MB,716T-MB RH ST-S #2
526RSS3DE,716 T-MB,716T-MB RH ST-S #3 DEMO
526RSS3E,716 T-MB,716T-MB RH ST-S #3
526RSS4E,716 T-MB,716T-MB RH ST-S #4
627R,Hybrids - 816H1,816H1 CUSTOM RH EA
627RG,Hybrids - 816H1,816H1 CUSTOM GRA RH EA
627LG2R21E,Hybrids - 816H1,816H1 LH DIAM S+ BLU 70 R 21
627LG2S19E,Hybrids - 816H1,816H1 LH DIAM S+ BLU 70 S 19
627RG2R19E,Hybrids - 816H1,816H1 RH DIAM S+ BLU 70 R 19
627RG2R21DE,Hybrids - 816H1,816H1 RH DIAM S+ BLU 70 R 21 D
627RG2R21E,Hybrids - 816H1,816H1 RH DIAM S+ BLU 70 R 21
627RG2R23E,Hybrids - 816H1,816H1 RH DIAM S+ BLU 70 R 23
627RG2R25E,Hybrids - 816H1,816H1 RH DIAM S+ BLU 70 R 25
627RG2S19E,Hybrids - 816H1,816H1 RH DIAM S+ BLU 70 S 19
627RG2S21E,Hybrids - 816H1,816H1 RH DIAM S+ BLU 70 S 21
627RG2S23E,Hybrids - 816H1,816H1 RH DIAM S+ BLU 70 S 23
627RG3A23E,Hybrids - 816H1,816H1 RH DIAM M+ RED 60 A 23
627RG3A27E,Hybrids - 816H1,816H1 RH DIAM M+ RED 60 A 27
TB002C,PRACTICE BALLS NXT - LOGO,NXT TOUR S WHITE PRACTICE LOGO
TH6WEASBLE-9,NEW! Winter Fitted Beanie (Striped) Ladies and Mens (1/2 dz),STRIPED BEANIE EU SIX
TH6WEASBWLEA-9,NEW! Winter Fitted Beanie (Striped) Ladies and Mens (EA),WOMEN'S STRIPED BEANIE EU EACH
TH6WEAWHPLE-06,NEW! Winter POM POM (1/2 dz),POM POM BEANIE EU SIX
TH6WEAWHPLEA-06,NEW! Winter POM POM (EA),POM POM BEANIE EU EACH
TH6WEAJBE-0,NEW! Winter Jacquard Beanie (1/2 dz),JACQUARD BEANIE EU SIX
TH6WEAJBEA-0,NEW! Winter Jacquard Beanie (EA),JACQUARD BEANIE EU EACH
TA6WEAPSE-0,NEW! Performance Snood (1/2 dz),PERFORMANCE SNOOD EU SIX
TA6WEAPSEA-0,NEW! Performance Snood (EA),PERFORMANCE SNOOD EU EACH
TA024C,PRACTICE BALLS Pro V1 Practice Custom Dz 100PK,PRO V1 PRACTICE LOGO DOZ
526R,716 T-MB,716T-MB CUSTOM RH EA
526RG,716 T-MB Graphite,716T-MB GRA CUSTOM RH EA
881R,WEDGEWORKS VOKEY SM5 Raw Wedge,WWE SM5 RAW RH
TH6AUBME-9,Classic Ball Marker (Dozen),BALL MARKER ASST DOZ
TH6AUBMEA-9,Classic Ball Marker (EA),BALL MARKER ASST EACH
TH6WEASBE-9,NEW! Winter Fitted Beanie (Striped) Ladies and Mens (1/2 dz),STRIPED BEANIE ASST SIX
TH6WEASBEA-9,NEW! Winter Fitted Beanie (Striped) Ladies and Mens (EA),STRIPED BEANIE ASST EACH
TH6WEASBWE-9,NEW! Winter Fitted Beanie (Striped) Ladies and Mens (1/2 dz),WMN STRIPED BEANIE ASST SIX
TH6WEASBWEA-9,NEW! Winter Fitted Beanie (Striped) Ladies and Mens (EA),WMN STRIPED BEANIE ASST EA
TA6ESTC-0,ESSENTIAL Travel Cover,ESSENTIALS TRAVEL COVER
TA6ESWDFL-0,"ESSENTIAL 22"" Wheeled Duffel Bag",ESSENTIALS WHEELED DUFFEL
TA6ESDFL-0,ESSENTIAL Duffel Bag,ESSENTIALS DUFFEL
TA6ESBP-0,NEW! Large Backpack,ESSENTIALS BACKPACK
TA6ESLRB-0,Locker Room Bag ,ESSENTIALS LOCKER ROOM BAG
TA6ESVP-0,ESSENTIAL Valubles Pouch,ESSENTIALS VALUABLES POUCH
TA6ESSP-0,ESSENTIAL Sackpack,ESSENTIALS SACK PACK
TB6CT7E-0,Sta-Dry Cart Bag,STADRY CART BLACK/RED
TB6CT7E-016,Sta-Dry Cart Bag,STADRY CART BLACK/WHITE/RED
TB6CT7E-414,Sta-Dry Cart Bag,STADRY CART NAVY/WHITE/BLUE
TB6CT7E-214,Sta-Dry Cart Bag,STADRY CART LT GRY/WTE/ICEBLUE
TB6CT6E-0,Deluxe Cart Bag,DELUXE CART BLACK
TB6CT6E-016,Deluxe Cart Bag,DELUXE CART BLACK/WHITE/RED
TB6CT6E-422,Deluxe Cart Bag,DELUXE CART NAVY/CHAR/LT GREY
TB6CT6E-028,Deluxe Cart Bag,DELUXE CART BLK/COOL GRY/ORG
TB6CT5E-0,Lightweight Cart Bag,LIGHTWEIGHT CART BLACK/WHITE
TB6CT5E-016,Lightweight Cart Bag,L/WGT CART BLACK/WHITE/RED
TB6CT5E-416,Lightweight Cart Bag,L/WGT CART NAVY/WHITE/RED
TB6CT5E-023,Lightweight Cart Bag,L/WGT CART BLK/COOL GRY/LIME
TB6CT5E-015,Lightweight Cart Bag,L/WGT CART BLK/WTE/MAGENTA
TB6SX2-06,Sta-Dry 4UP Stand Bag,4UP STADRY STAND BAG BLACK/RED
TB6SX2-24,Sta-Dry 4UP Stand Bag,4UP STADRY GRY/BLU/WTE
522RSR8,716 AP1,AP1 716 RH ST-R #8
522RG,716 AP1,AP1 716 CUSTOM GRA RH EA
522LSRP,716 AP1,AP1 716 LH ST-R PW
522LSR4,716 AP1,AP1 716 LH ST-R #4
522LSR4PE,716 AP1 7,AP1 716 LH ST-R 4-PW
522LSR5,716 AP1,AP1 716 LH ST-R #5
522LSR5PE,716 AP1 6,AP1 716 LH ST-R 5-PW
522LSR6,716 AP1,AP1 716 LH ST-R #6
522LSR7,716 AP1,AP1 716 LH ST-R #7
522LSR8,716 AP1,AP1 716 LH ST-R #8
522LSR9,716 AP1,AP1 716 LH ST-R #9
522RGAP,716 AP1 Graphite,AP1 716 RH GR-A PW
522RGA5,716 AP1 Graphite,AP1 716 RH GR-A #5
522RGA5PE,716 AP1 Graphite 6,AP1 716 RH GR-A 5-PW
522RGA6,716 AP1 Graphite,AP1 716 RH GR-A #6
522RGA7,716 AP1 Graphite,AP1 716 RH GR-A #7
522RGA8,716 AP1 Graphite,AP1 716 RH GR-A #8
522RGA9,716 AP1 Graphite,AP1 716 RH GR-A #9
522RGLP,716 AP1 Graphite,AP1 716 RH GR-L PW
522RGL5,716 AP1 Graphite,AP1 716 RH GR-L #5
522RGL5PE,716 AP1 Graphite 6,AP1 716 RH GR-L 5-PW
522RGL6,716 AP1 Graphite,AP1 716 RH GR-L #6
522RGL7,716 AP1 Graphite,AP1 716 RH GR-L #7
522RGL8,716 AP1 Graphite,AP1 716 RH GR-L #8
522RGL9,716 AP1 Graphite,AP1 716 RH GR-L #9
522RGRP,716 AP1 Graphite,AP1 716 RH GR-R PW
522RGRW,716 AP1 Graphite,AP1 716 RH GR-R GW
522RGR4,716 AP1 Graphite,AP1 716 RH GR-R #4
522RGR4PE,716 AP1 Graphite 7,AP1 716 RH GR-R 4-PW
522RGR5,716 AP1 Graphite,AP1 716 RH GR-R #5
522RGR5PE,716 AP1 Graphite 6,AP1 716 RH GR-R 5-PW
522RGR5WE,716 AP1 Graphite 7,AP1 716 RH GR-R 5-W
522RGR6,716 AP1 Graphite,AP1 716 RH GR-R #6
522RGR7,716 AP1 Graphite,AP1 716 RH GR-R #7
522RGR8,716 AP1 Graphite,AP1 716 RH GR-R #8
522RGR9,716 AP1 Graphite,AP1 716 RH GR-R #9
522RSRP,716 AP1,AP1 716 RH ST-R PW
522RSR4,716 AP1,AP1 716 RH ST-R #4
522RSR4PDE,716 AP1 7,AP1 716 RH ST-R 4-PW DEMO
522RSR4PE,716 AP1 7,AP1 716 RH ST-R 4-PW
522RSR5,716 AP1,AP1 716 RH ST-R #5
522RSR5PE,716 AP1 6,AP1 716 RH ST-R 5-PW
522RSR6,716 AP1,AP1 716 RH ST-R #6
522RSR7,716 AP1,AP1 716 RH ST-R #7
522RSR9,716 AP1,AP1 716 RH ST-R #9
522RSSP,716 AP1,AP1 716 RH ST-S PW
522RSS4,716 AP1,AP1 716 RH ST-S #4
522RSS4PE,716 AP1 6,AP1 716 RH ST-S 4-PW
522RSS5,716 AP1,AP1 716 RH ST-S #5
522RSS5PE,716 AP1 6,AP1 716 RH ST-S 5-PW
522RSS6,716 AP1,AP1 716 RH ST-S #6
522RSS7,716 AP1,AP1 716 RH ST-S #7
522RSS8,716 AP1,AP1 716 RH ST-S #8
522RSS9,716 AP1,AP1 716 RH ST-S #9
523RSR8,716 AP2 Forged,AP2 716 RH ST-R #8
523RG,716 AP2 Forged Graphite,AP2 716 CUSTOM GRA RH EA
523LSRP,716 AP2 Forged,AP2 716 LH ST-R PW
523LSR4,716 AP2 Forged,AP2 716 LH ST-R #4
523LSR4PE,716 AP2 Forged 7,AP2 716 LH ST-R 4-PW
523LSR5,716 AP2 Forged,AP2 716 LH ST-R #5
523LSR6,716 AP2 Forged,AP2 716 LH ST-R #6
523LSR7,716 AP2 Forged,AP2 716 LH ST-R #7
523LSR8,716 AP2 Forged,AP2 716 LH ST-R #8
523LSR9,716 AP2 Forged,AP2 716 LH ST-R #9
523LSSP,716 AP2 Forged,AP2 716 LH ST-S PW
523LSS4,716 AP2 Forged,AP2 716 LH ST-S #4
523LSS4PE,716 AP2 Forged 7,AP2 716 LH ST-S 4-PW
523LSS5,716 AP2 Forged,AP2 716 LH ST-S #5
T2024S-L00,Pro V1 ,PRO V1 # 00   DOZ
T2024S-H99,Pro V1 ,PRO V1 # 99   DOZ
T2044S-L00,Pro V1 ,PRO V1X  # 00   DOZ
T2044S-H99,Pro V1 ,PRO V1X  # 99  DOZ
T4024S-NP,NXT Tour 'S' and yellow,NXT TOUR
T4024S-BIL,NXT Tour 'S' and yellow,NXT TOUR BI-LINGUAL
T4024C-NP,NXT Tour 'S' and yellow,NXT TOUR LOGO
T4024C-BIL,NXT Tour 'S' and yellow,NXT TOUR LOGO BI-LINGUAL
T4033S-NP,NXT Tour 'S' and yellow,NXT TOUR S WHITE
T4033S-BIL,NXT Tour 'S' and yellow,NXT TOUR S WHITE BI-LINGUAL
T4033C-NP,NXT Tour 'S' and yellow,NXT TOUR S WHITE LOGO
T4033C-BIL,NXT Tour 'S' and yellow,NXT TOUR S WHITE LOGO BI-LING
T4133S-NP,NXT Tour 'S' and yellow,NXT TOUR S YELLOW
T4133S-BIL,NXT Tour 'S' and yellow,NXT TOUR S YELL BI-LINGUAL
T4133C-NP,NXT Tour 'S' and yellow,NXT TOUR S YELLOW LOGO
T4133C-BIL,NXT Tour 'S' and yellow,NXT TOUR S YELL LOGO BI-LING
T6032S-NP,DT TruSoft,DT TRUSOFT WHITE
T6032S-BIL,DT TruSoft,DT TRUSOFT WHITE BI-LINGUAL
T6032C-NP,DT TruSoft,DT TRUSOFT WHITE LOGO
T6032C-BIL,DT TruSoft,DT TRUSOFT WHITE LOGO BI-LING
T6132S-NP,DT TruSoft,DT TRUSOFT YELLOW
T6132S-BIL,DT TruSoft,DT TRUSOFT YELLOW BI-LINGUAL
T6132C-NP,DT TruSoft,DT TRUSOFT YELLOW LOGO
T6132C-BIL,DT TruSoft,DT TRUSOFT YELL LOGO BI-LING
T8023S-NP,Velocity,VELOCITY
T8023S-BIL,Velocity,VELOCITY BI-LINGUAL
T8023C-NP,Velocity,VELOCITY LOGO
T8023C-BIL,Velocity,VELOCITY LOGO BI-LINGUAL
T8023S-MNP,Velocity,VELOCITY DD#
T8023S-MBIL,Velocity,VELOCITY BI-LINGUAL DD#
T8023C-MNP,Velocity,VELOCITY DD# LOGO
T8023C-MBIL,Velocity,VELOCITY DD# LOGO BI-LINGUAL
TH6ABME-9,Classic Ball Marker (Dozen),BALL MARKER US ASST DOZ
TH6ABMEA-9,Classic Ball Marker (EA),BALL MARKER US ASST EACH
TH6AUBMFE-9,Classic Ball Marker (Dozen),BALL MARKER FASHION ASST DZ
TH6AUBMFEA-9,Classic Ball Marker (EA),BALL MARKER FASHION ASST EA
TH6WEAPBE-06,Performance Beanie (1/2 dz),PERFORMANCE BEANIE SIX
TH6WEAPBEA-06,Performance Beanie (EA),PERFORMANCE BEANIE EA
T2024S-LE68-BIL,Pro V1 ,PRO V1 BI-LINGUAL #68
T2044S-LE68-BIL,Pro V1 ,PRO V1X BI-LINGUAL #68
832LSSF4608E,Vokey SM6 - Tour Chrome,SM6 TR CHR VW LH F 46.08
T2024S-2DCBNP,Pro V1 2DZ,PRO V1 2DZ C/W CAP+BM UK
T2044S-2DCBPN,Pro V1 2DZ,PRO V1X 2DZ C/W CAP+BM UK
T2024S-2DCBBIL,Pro V1 2DZ,PRO V1 2DZ C/W CAP+BM SOUTH
T2044S-2DCBBIL,Pro V1 2DZ,PRO V1X 2DZ C/W CAP+BM SOUTH
T2024S-4D-NP,Pro V1 4DZ,PRO V1 4 DOZ LOYALTY
T2044S-4D-NP,Pro V1 4DZ,PRO V1X 4 DOZ LOYALTY
T2024S-4D-NPL,Pro V1 4DZ,PRO V1 4DZ LOYALTY BOX NORD
T2044S-4D-NPL,Pro V1 4DZ,PRO V1X 4DZ LOYALTY BOX NORD
P4034S-BIL,NEW! Pinnacle Rush (dz),PINNACLE RUSH
P5011S-BIL,NEW! Pinnacle Soft (dz),PINNACLE SOFT WHITE
P8014S-BULK,Pinnacle Exception,PINNACLE EXCEPTION
722LE34,Cameron - Futura / H - 2017,CAMERON FUTURA X5 LH 34
882R,WEDGEWORKS VOKEY Low Bounce K Grind,VOKEY WWE K-GRIND RH
712RH34C,S Cameron - My Girl / Holiday,SC 15 MY GIRL LTD ED 34 RH
832RG,Vokey SM6 - Custom Graphite,SM6 TR CHR CUST VKY RH GRA
T2044S-2DCBNP,Pro V1 2DZ,PRO V1X 2DZ C/W CAP+BM UK
883R,WEDGEWORKS VOKEY SM6 Raw Wedge,WWE SM6 RAW RH
TA7ACTFTWL,NEW! Microfibre Tri-Fold Cart Towel,MICROFIBRE TRI-FOLD TOWEL
632RG2S95,Drivers  917 D3  ,917D2 RH DIAM S+ BLU 60 S 9.5
634RG2S15,Fairways  917 F3  ,917F2 RH DIAM S+ BLU 70 S 15
TH7AJRPE-9,NEW! Junior Performance Cap (1/2 dz),JUNIOR PERF CAP ASST 6
TH7AJRPEA-9,NEW! Junior Performance Cap (EA),JUNIOR PERF CAP ASST EA
TH7ATPE-9,NEW! Tour Performance (Dozen),TOUR PERF ASST DZ
TH7ATPEA-9,NEW! Tour Performance (EA),TOUR PERF ASST EA
TH7ATTME-9,NEW! Two Tone Mesh (Dozen),TWO TONE MESH ASST DZ
TH7ATTMEA-9,NEW! Two Tone Mesh (EA),TWO TONE MESH ASST EA
TH7AWPE-9,NEW! Ladies Pink Ribbon Cap (1/2 dz),PINK RIBBON PERF CAP ASST 6
TH7AWPEA-9,NEW! Ladies Pink Ribbon Cap (EA),PINK RIBBON PERF CAP ASST EA
TH7BSRE-9,NEW! Performance Seersucker Bucket (1/2 dz),PERF SEERSUCKER BKT ASST 6
TH7BSREA-9,NEW! Performance Seersucker Bucket (EA),PERF SEERSUCKER BKT ASST EA
TH7FDFE-9,NEW! Players Deep Fit (Dozen),PLAYERS DEEP FIT AST DZ
TH7FDFEA-9,NEW! Players Deep Fit (EA),PLAYERS DEEP FIT AST EA
TH7FDTE-0,NEW! Dobby Tech Cap (Dozen),DOBBY TECH BLK DZ
TH7FDTE-1,NEW! Dobby Tech Cap (Dozen),DOBBY TECH WTE DZ
TH7FDTE-9,NEW! Dobby Tech Cap (Dozen),DOBBY TECH ASST DZ
TH7FDTEA-0,NEW! Dobby Tech Cap (EA),DOBBY TECH BLK EA
TH7FDTEA-1,NEW! Dobby Tech Cap (EA),DOBBY TECH WTE EA
TH7FDTEA-9,NEW! Dobby Tech Cap (EA),DOBBY TECH ASST EA
TH7PBME-9,NEW! Performance Ball Marker (Dozen),PERF B/MARKER CAP ASST DZ
TH7PBMEA-9,NEW! Performance Ball Marker (EA),PERF B/MARKER CAP ASST EA
TH7VTPE-9,NEW! Tour Performance Visor (Dozen),TOUR PERF VISOR ASST DZ
TH7VTPEA-9,NEW! Tour Performance Visor (EA),TOUR PERF VISOR ASST EA
TH7VWPRE-9,NEW! Ladies Pink Ribbon Visor (1/2 dz),PINK RIBBON VISOR ASST 6
TH7VWPREA-9,NEW! Ladies Pink Ribbon Visor (EA),PINK RIBBON VISOR ASST EA
TH7VWSE-9,NEW! Ladies Sports Visor (1/2 dz),LDY SPORT PERF VISOR ASST 6
TH7VWSEA-9,NEW! Ladies Sports Visor (EA),LDY SPORT PERF VISOR ASST EA
TH7WAUSE-1,Aussie Assorted (1/2 dz) SOUTHERN & S AFRICA ONLY,AUSSIE WTE SIX
TH7WAUSEA-1,Aussie Assorted (EA) SOUTHERN & S AFRICA ONLY,AUSSIE WTE EA
7PBME,NEW! Performance Ball Marker (Dozen),PERF B/MARKER CAP ASST DZ CST
TB6CT7-016,Sta-Dry Cart Bag,STADRY CART BLK/WTE/RED
TB7SF4-061,NEW! Midsize Staff Cart Bag,MID SIZE STAFF CART BAG
TB7SF9-061,"NEW! Tour Vinyl  Staff Bag(9.5"")","TOUR STAFF 9.5"" BAG"
TB6CT5-02,Lightweight Cart Bag,L/WGT CART BLK/GRY/LIM
TB6CT6-416,Deluxe Cart Bag,DELUXE CART NVY/WTE/RED
TB6SX2E-40,Sta-Dry 4UP Stand Bag,4UP STADRY PROCESS BLU/BLK
TB7CY0E-6,NEW! Sunday Carry DS Bag ,SUNDAY CARRY BLK/RED
TB7CY1E-0,NEW! Premium Carry DS Bag,PREMIUM CARRY BLK/WTE
TB7SXSF-061,NEW! Tour Stand ,STAFF STAND BAG
TB7SX1-016,NEW! Players 4 Stand Bag - Staff Colours,PLAYERS 4 BLK/WTE/RED
TB7SX14-016,NEW! Players 14 Stand Bag - Staff Colours,PLAYERS 14 BLK/WTE/RED
TB7SX6-016,NEW! Players 5 Stand Bag - Staff Colours,PLAYERS 5 BLK/WTE/RED
TB7SX7-016,NEW! Players 5 StaDry Waterproof Stand ,PLAYERS 5 STADRY BLK/WTE/RED
731LA34,Cameron - Futura / H - 2017,2017 FUTURA X6M LH 34
732LA37,Cameron  Dual Balance ,2017 FUTURA 6M DB LH 37
TA5ACLHCF-1,NEW! Leather White Headcover - Fairway,LEATHER H/CVR FAIRWAY WTE
TA5ACLHCH-1,NEW! Leather White Headcover - Hybrid ,LEATHER H/CVR HYBRID WTE
TA7ACDC-061,NEW! Den Caddy,DEN CADDY
TA7ACSB-061,NEW! Practice Ball Bag,PRACTICE BALL BAG
TH2FFBE-01,Flat Bill - Black/White (1/2 dz) ,FLAT BILL BLACK/WHITE DOZ
TH2FFBEA-01,Flat Bill - Black/White (EA) ,FLAT BILL BLACK/WHITE EACH
TA6ESLBP-0,NEW! Large Backpack,LARGE BACKPACK
TH7BSREA-9,NEW! Performance Seersucker Bucket (EA),PERF SEERSUCKER BKT ASST EA
TH7VTPEA-9,NEW! Tour Performance Visor (EA),TOUR PERF VISOR ASST EA
T2025S-NP,Pro V1 ,PRO V1 DOZ
TB6SX2-PLP,Sta-Dry 4UP Stand Bag,4UP STADRY CENT NAVY/LIME
TA5ACLHCD-1,NEW! Leather White Headcover - Driver ,LEATHER H/CVR DRIVER WTE
TH5VTR-01-E,Tour Visor - Black/White (Dozen),
TH5VTR-01-EA,Tour Visor - Black/White (EA),
917DWEIGHTKIT,917 Driver/Fairway WEIGHT KIT,
917DWPAIR10G,917 Driver/Fairway Weights Pair,
TH5QMAX-AT-EA,Flag Q Max (EA) (ENG/SCO/EIR/NIR/WAL/SA/GER/NL/CH),
